id_anp,nombre_anp,cat_manejo,region,Sismos,Deslaves,Erosion,Vulcanismo,Hundimientos,Huracanes,Altas_temperaturas,Ciclones_tropicales,Incendios_forestales,Inundaciones,Nevadas,Sequias,Tormentas_tropicales,Blanqueamiento_corales,Especies_exoticas-invasoras,Plagas_forestales,Zoonosis_enfermedades_emergente,Derrame_hidrocarburos,Contaminacion_solidos-liquidos,Contaminacion_cuerpos_de_agua,Residuos_peligrosos,Uso_plaguicidas_agroquimicos,Vertederos_al_aire_libre,Ganaderia_dentro_ANP,Mineria,Problematica_tenencia_tierra,Extraccion_material_petreo,Construccion_infraestructura,Tala_ilegal,Asent._irregulares_invasiones,Cambio_uso_de_suelo,Extraccion-trafico_flora_fauna,Caza_ilegal,Pesca_ilegal,Turismo_irregular_malas_practic,Inseguridad_delincuencia
00101100,El Vizcaíno,RB,Península de Baja California y Pacífico Norte,0.00,0.00,0.00,0.00,0.00,0.00,0.00,1.00,0.00,0.00,0.00,1.00,0.00,0.00,1.00,0.00,0.00,0.00,1.00,0.00,0.00,1.00,0.00,1.00,1.00,1.00,1.00,0.00,0.00,1.00,0.00,0.00,0.00,1.00,0.00,0.00
00103045,Sierra de San Pedro Mártir,PN,Península de Baja California y Pacífico Norte,0.00,1.00,1.00,0.00,0.00,1.00,0.00,0.00,1.00,0.00,1.00,1.00,1.00,0.00,1.00,1.00,0.00,0.00,0.00,0.00,0.00,0.00,0.00,1.00,0.00,1.00,0.00,0.00,0.00,1.00,0.00,0.00,0.00,0.00,1.00,1.00
00103052,Constitución de 1857,PN,Península de Baja California y Pacífico Norte,0.00,0.00,1.00,0.00,0.00,0.00,1.00,0.00,1.00,1.00,1.00,1.00,0.00,0.00,1.00,1.00,1.00,1.00,1.00,1.00,1.00,1.00,1.00,1.00,0.00,0.00,0.00,1.00,1.00,0.00,1.00,0.00,1.00,0.00,1.00,1.00
00103183,Revillagigedo,PN,Península de Baja California y Pacífico Norte,1.00,0.00,1.00,1.00,0.00,1.00,1.00,1.00,1.00,0.00,0.00,1.00,1.00,1.00,1.00,0.00,0.00,0.00,0.00,0.00,0.00,0.00,0.00,0.00,0.00,0.00,0.00,0.00,0.00,0.00,0.00,0.00,0.00,1.00,1.00,0.00
00103190,Loreto II,PN,Península de Baja California y Pacífico Norte,0.00,0.00,0.00,0.00,0.00,0.00,1.00,0.00,0.00,0.00,0.00,1.00,1.00,0.00,1.00,1.00,0.00,0.00,1.00,1.00,1.00,0.00,1.00,1.00,0.00,1.00,1.00,0.00,0.00,0.00,0.00,1.00,1.00,0.00,1.00,0.00
00103192,San Quintín,PN,Península de Baja California y Pacífico Norte,1.00,0.00,1.00,0.00,0.00,0.00,1.00,0.00,0.00,1.00,0.00,1.00,0.00,0.00,1.00,0.00,0.00,0.00,1.00,1.00,0.00,1.00,1.00,0.00,0.00,1.00,0.00,0.00,0.00,1.00,1.00,0.00,1.00,1.00,1.00,1.00
00107055,Cabo San Lucas,APFF,Península de Baja California y Pacífico Norte,1.00,1.00,1.00,0.00,0.00,1.00,1.00,1.00,0.00,0.00,0.00,0.00,1.00,0.00,0.00,0.00,1.00,1.00,1.00,1.00,0.00,0.00,0.00,0.00,0.00,0.00,0.00,0.00,0.00,0.00,0.00,0.00,0.00,1.00,1.00,1.00
00107063,Valle de los Cirios,APFF,Península de Baja California y Pacífico Norte,1.00,1.00,1.00,0.00,0.00,1.00,1.00,1.00,1.00,1.00,0.00,1.00,0.00,0.00,1.00,1.00,0.00,1.00,1.00,0.00,0.00,0.00,1.00,1.00,1.00,1.00,1.00,1.00,1.00,1.00,1.00,1.00,1.00,0.00,1.00,1.00
00107177,Balandra,APFF,Península de Baja California y Pacífico Norte,0.00,1.00,1.00,0.00,0.00,1.00,1.00,1.00,0.00,0.00,0.00,1.00,1.00,1.00,1.00,0.00,0.00,1.00,1.00,1.00,1.00,0.00,0.00,1.00,0.00,0.00,0.00,1.00,0.00,0.00,0.00,1.00,0.00,1.00,1.00,1.00
00201110,Alto Golfo de California y Delta del Río Colorado,RB,Noroeste y Alto Golfo de California,1.00,1.00,1.00,0.00,0.00,1.00,1.00,1.00,1.00,1.00,0.00,1.00,1.00,0.00,1.00,1.00,0.00,1.00,1.00,1.00,0.00,1.00,1.00,1.00,0.00,0.00,1.00,0.00,0.00,0.00,1.00,1.00,1.00,1.00,1.00,1.00
00201111,El Pinacate y Gran Desierto de Altar,RB,Noroeste y Alto Golfo de California,0.00,0.00,1.00,0.00,0.00,0.00,1.00,0.00,0.00,0.00,0.00,1.00,0.00,0.00,1.00,0.00,0.00,0.00,0.00,0.00,0.00,0.00,0.00,1.00,0.00,1.00,0.00,1.00,0.00,0.00,1.00,0.00,0.00,0.00,1.00,1.00
00201153,Isla San Pedro Mártir,RB,Noroeste y Alto Golfo de California,1.00,0.00,0.00,0.00,0.00,1.00,1.00,1.00,0.00,0.00,0.00,1.00,1.00,0.00,1.00,0.00,0.00,0.00,0.00,0.00,0.00,0.00,0.00,0.00,0.00,0.00,0.00,0.00,0.00,0.00,0.00,1.00,0.00,1.00,1.00,1.00
00207038,Bavispe,APFF,Noroeste y Alto Golfo de California,0.00,0.00,1.00,0.00,0.00,0.00,1.00,0.00,1.00,0.00,1.00,1.00,0.00,0.00,1.00,0.00,1.00,0.00,1.00,1.00,1.00,1.00,1.00,1.00,1.00,1.00,1.00,0.00,0.00,0.00,1.00,0.00,1.00,0.00,1.00,1.00
00207125,Sierra de Álamos-Río Cuchujaqui,APFF,Noroeste y Alto Golfo de California,0.00,1.00,1.00,0.00,0.00,1.00,1.00,1.00,1.00,1.00,0.00,1.00,1.00,0.00,1.00,1.00,0.00,0.00,1.00,1.00,0.00,1.00,1.00,1.00,1.00,1.00,1.00,1.00,1.00,0.00,1.00,1.00,1.00,0.00,1.00,1.00
00207145,Meseta de Cacaxtla,APFF,Noroeste y Alto Golfo de California,0.00,1.00,1.00,0.00,0.00,1.00,1.00,1.00,1.00,1.00,0.00,1.00,1.00,0.00,1.00,0.00,0.00,0.00,0.00,1.00,0.00,1.00,1.00,1.00,1.00,1.00,1.00,0.00,1.00,1.00,1.00,1.00,1.00,1.00,1.00,1.00
00207200,Juan M. Banderas,APFF,Noroeste y Alto Golfo de California,0.00,0.00,0.00,0.00,0.00,1.00,1.00,1.00,1.00,1.00,0.00,1.00,1.00,0.00,1.00,0.00,1.00,0.00,1.00,1.00,0.00,1.00,1.00,1.00,0.00,0.00,0.00,0.00,1.00,0.00,0.00,0.00,0.00,0.00,0.00,1.00
00208085,Playa Ceuta,SANT,Noroeste y Alto Golfo de California,0.00,0.00,1.00,0.00,0.00,1.00,1.00,1.00,0.00,0.00,0.00,1.00,1.00,0.00,1.00,0.00,0.00,0.00,1.00,0.00,0.00,0.00,0.00,1.00,1.00,0.00,1.00,1.00,0.00,0.00,0.00,1.00,0.00,0.00,1.00,1.00
00208089,Playa Huizache Caimanero,SANT,Noroeste y Alto Golfo de California,0.00,0.00,1.00,0.00,0.00,1.00,1.00,1.00,0.00,0.00,0.00,0.00,1.00,0.00,0.00,0.00,0.00,0.00,1.00,1.00,0.00,1.00,0.00,0.00,0.00,1.00,0.00,1.00,1.00,0.00,1.00,0.00,0.00,1.00,1.00,1.00
00208204,Playa El Verde Camacho,SANT,Noroeste y Alto Golfo de California,0.00,0.00,1.00,0.00,0.00,1.00,1.00,1.00,0.00,0.00,0.00,0.00,1.00,0.00,0.00,0.00,0.00,0.00,1.00,1.00,0.00,1.00,0.00,0.00,0.00,1.00,0.00,1.00,1.00,0.00,1.00,0.00,0.00,1.00,1.00,1.00
00301059,La Michilía,RB,Norte y Sierra Madre Occidental,0.00,0.00,1.00,0.00,0.00,0.00,0.00,0.00,1.00,0.00,0.00,1.00,0.00,0.00,1.00,1.00,0.00,0.00,1.00,1.00,0.00,1.00,0.00,1.00,0.00,1.00,0.00,0.00,0.00,0.00,0.00,0.00,0.00,0.00,0.00,1.00
00303037,Cumbres de Majalca,PN,Norte y Sierra Madre Occidental,0.00,0.00,1.00,0.00,0.00,0.00,0.00,0.00,1.00,0.00,1.00,1.00,0.00,0.00,1.00,1.00,0.00,0.00,1.00,0.00,0.00,0.00,0.00,1.00,0.00,1.00,0.00,0.00,0.00,1.00,0.00,0.00,0.00,0.00,1.00,0.00
00303067,Cascada de Bassaseachic,PN,Norte y Sierra Madre Occidental,0.00,1.00,1.00,0.00,0.00,0.00,1.00,0.00,1.00,0.00,1.00,1.00,0.00,0.00,1.00,1.00,0.00,0.00,1.00,1.00,1.00,1.00,1.00,1.00,1.00,1.00,0.00,0.00,0.00,1.00,0.00,0.00,0.00,0.00,1.00,1.00
00303146,Sierra de Órganos,PN,Norte y Sierra Madre Occidental,0.00,1.00,1.00,0.00,0.00,0.00,0.00,0.00,1.00,0.00,0.00,1.00,0.00,0.00,0.00,0.00,0.00,0.00,0.00,0.00,0.00,0.00,0.00,1.00,0.00,0.00,0.00,0.00,0.00,0.00,0.00,0.00,0.00,0.00,1.00,0.00
00307018,Tutuaca,APFF,Norte y Sierra Madre Occidental,0.00,0.00,1.00,0.00,0.00,0.00,1.00,0.00,1.00,0.00,1.00,1.00,0.00,0.00,1.00,1.00,0.00,0.00,0.00,1.00,0.00,1.00,0.00,1.00,1.00,1.00,1.00,0.00,1.00,0.00,1.00,0.00,0.00,0.00,1.00,1.00
00307024,Campo Verde,APFF,Norte y Sierra Madre Occidental,0.00,0.00,0.00,0.00,0.00,0.00,0.00,0.00,1.00,0.00,1.00,1.00,0.00,0.00,1.00,1.00,0.00,0.00,1.00,1.00,0.00,0.00,1.00,1.00,0.00,0.00,1.00,0.00,0.00,0.00,0.00,0.00,1.00,0.00,1.00,1.00
00307035,Papigochic,APFF,Norte y Sierra Madre Occidental,0.00,0.00,1.00,0.00,0.00,0.00,1.00,0.00,1.00,0.00,1.00,1.00,0.00,0.00,1.00,1.00,0.00,0.00,0.00,0.00,0.00,0.00,0.00,1.00,0.00,1.00,1.00,0.00,1.00,1.00,1.00,0.00,0.00,0.00,1.00,1.00
00307172,Médanos de Samalayuca,APFF,Norte y Sierra Madre Occidental,0.00,0.00,1.00,0.00,0.00,0.00,1.00,0.00,0.00,0.00,1.00,1.00,0.00,0.00,1.00,0.00,0.00,0.00,1.00,1.00,0.00,1.00,1.00,1.00,1.00,1.00,1.00,0.00,0.00,1.00,1.00,1.00,0.00,0.00,1.00,1.00
00307178,Cerro Mohinora,APFF,Norte y Sierra Madre Occidental,0.00,0.00,1.00,0.00,0.00,0.00,1.00,0.00,1.00,0.00,1.00,1.00,0.00,0.00,0.00,1.00,0.00,0.00,1.00,1.00,0.00,1.00,0.00,1.00,1.00,0.00,1.00,0.00,1.00,0.00,1.00,0.00,1.00,0.00,1.00,1.00
00308219,Cotorra Serrana Occidental,SANT,Norte y Sierra Madre Occidental,0.00,0.00,0.00,0.00,0.00,0.00,0.00,0.00,1.00,0.00,1.00,1.00,0.00,0.00,1.00,1.00,0.00,0.00,1.00,1.00,0.00,0.00,1.00,1.00,0.00,0.00,1.00,0.00,0.00,0.00,0.00,0.00,1.00,0.00,1.00,1.00
00401060,Mapimí,RB,Noreste y Sierra Madre Oriental,0.00,0.00,0.00,0.00,0.00,0.00,1.00,0.00,0.00,0.00,0.00,1.00,0.00,0.00,1.00,0.00,0.00,0.00,1.00,0.00,0.00,1.00,0.00,1.00,0.00,1.00,0.00,0.00,0.00,0.00,1.00,0.00,1.00,0.00,1.00,1.00
00401113,Sierra del Abra Tanchipa,RB,Noreste y Sierra Madre Oriental,0.00,0.00,0.00,0.00,0.00,0.00,1.00,0.00,1.00,0.00,0.00,1.00,0.00,0.00,0.00,0.00,0.00,0.00,0.00,0.00,0.00,0.00,0.00,0.00,0.00,0.00,0.00,0.00,0.00,0.00,0.00,1.00,0.00,0.00,0.00,1.00
00403008,El Potosí,PN,Noreste y Sierra Madre Oriental,0.00,0.00,1.00,0.00,0.00,1.00,1.00,0.00,1.00,0.00,0.00,1.00,0.00,0.00,1.00,1.00,0.00,0.00,1.00,0.00,0.00,0.00,0.00,1.00,0.00,1.00,0.00,0.00,1.00,0.00,1.00,1.00,1.00,0.00,0.00,1.00
00403010,Gogorrón,PN,Noreste y Sierra Madre Oriental,0.00,0.00,1.00,0.00,1.00,1.00,1.00,0.00,1.00,1.00,1.00,1.00,1.00,0.00,1.00,1.00,0.00,0.00,1.00,1.00,0.00,1.00,1.00,1.00,0.00,1.00,1.00,0.00,1.00,1.00,1.00,1.00,0.00,0.00,1.00,1.00
00403029,El Sabinal,PN,Noreste y Sierra Madre Oriental,0.00,0.00,0.00,0.00,0.00,0.00,1.00,1.00,0.00,1.00,0.00,1.00,1.00,0.00,1.00,0.00,0.00,0.00,0.00,0.00,0.00,0.00,0.00,0.00,0.00,0.00,1.00,0.00,0.00,0.00,0.00,0.00,0.00,0.00,0.00,0.00
00403039,Los Novillos,PN,Noreste y Sierra Madre Oriental,0.00,0.00,1.00,0.00,0.00,0.00,0.00,0.00,0.00,0.00,0.00,1.00,0.00,0.00,0.00,0.00,0.00,0.00,0.00,1.00,0.00,0.00,0.00,1.00,0.00,0.00,0.00,0.00,0.00,0.00,0.00,0.00,0.00,0.00,0.00,1.00
00403144,Cumbres de Monterrey,PN,Noreste y Sierra Madre Oriental,0.00,1.00,1.00,0.00,0.00,1.00,1.00,0.00,1.00,1.00,0.00,1.00,0.00,0.00,1.00,1.00,1.00,0.00,1.00,1.00,0.00,0.00,0.00,1.00,0.00,1.00,1.00,1.00,1.00,1.00,1.00,0.00,0.00,0.00,1.00,1.00
00404103,Cerro de la Silla,MN,Noreste y Sierra Madre Oriental,0.00,0.00,0.00,0.00,0.00,1.00,1.00,1.00,1.00,1.00,1.00,1.00,1.00,0.00,1.00,0.00,0.00,0.00,1.00,0.00,0.00,0.00,0.00,1.00,0.00,1.00,0.00,0.00,0.00,1.00,1.00,0.00,0.00,0.00,1.00,1.00
00404173,Río Bravo del Norte,MN,Noreste y Sierra Madre Oriental,0.00,0.00,0.00,0.00,0.00,0.00,1.00,0.00,0.00,0.00,0.00,1.00,0.00,0.00,1.00,0.00,1.00,0.00,1.00,1.00,0.00,0.00,0.00,0.00,0.00,0.00,0.00,0.00,0.00,0.00,0.00,1.00,0.00,1.00,1.00,1.00
00406047,C.A.D.N.R. 004 Don Martín,APRN,Noreste y Sierra Madre Oriental,0.00,0.00,1.00,0.00,1.00,0.00,1.00,0.00,1.00,0.00,0.00,1.00,0.00,0.00,1.00,1.00,0.00,0.00,1.00,1.00,1.00,0.00,1.00,1.00,1.00,0.00,1.00,0.00,1.00,0.00,0.00,0.00,1.00,1.00,1.00,1.00
00406048,C.A.D.N.R. 026 Bajo Río San Juan,APRN,Noreste y Sierra Madre Oriental,0.00,1.00,1.00,0.00,0.00,0.00,1.00,1.00,1.00,1.00,1.00,1.00,1.00,0.00,0.00,1.00,0.00,0.00,1.00,0.00,0.00,1.00,0.00,0.00,0.00,1.00,0.00,0.00,1.00,0.00,1.00,0.00,1.00,0.00,1.00,1.00
00407068,Sierra de Álvarez,APFF,Noreste y Sierra Madre Oriental,0.00,0.00,1.00,0.00,0.00,1.00,1.00,0.00,1.00,0.00,0.00,1.00,0.00,0.00,1.00,1.00,0.00,1.00,1.00,1.00,1.00,0.00,0.00,1.00,1.00,1.00,1.00,1.00,1.00,1.00,1.00,1.00,1.00,0.00,1.00,1.00
00407072,Sierra La Mojonera,APFF,Noreste y Sierra Madre Oriental,0.00,0.00,1.00,0.00,1.00,1.00,1.00,0.00,1.00,0.00,0.00,1.00,0.00,0.00,1.00,1.00,1.00,0.00,1.00,1.00,0.00,0.00,0.00,1.00,1.00,1.00,1.00,0.00,0.00,0.00,1.00,1.00,1.00,0.00,0.00,1.00
00407118,Cañón de Santa Elena,APFF,Noreste y Sierra Madre Oriental,0.00,1.00,1.00,0.00,0.00,0.00,1.00,0.00,1.00,1.00,1.00,1.00,0.00,0.00,1.00,0.00,0.00,0.00,1.00,1.00,0.00,0.00,1.00,1.00,1.00,1.00,1.00,0.00,0.00,1.00,0.00,1.00,1.00,0.00,1.00,1.00
00407119,Maderas del Carmen,APFF,Noreste y Sierra Madre Oriental,0.00,0.00,0.00,0.00,0.00,0.00,1.00,0.00,1.00,0.00,0.00,1.00,0.00,0.00,1.00,0.00,1.00,0.00,0.00,0.00,0.00,0.00,0.00,1.00,1.00,0.00,1.00,0.00,0.00,0.00,0.00,1.00,0.00,0.00,1.00,1.00
00407120,Cuatrociénegas,APFF,Noreste y Sierra Madre Oriental,0.00,0.00,1.00,0.00,1.00,0.00,1.00,0.00,1.00,0.00,0.00,1.00,0.00,0.00,1.00,0.00,0.00,0.00,1.00,0.00,0.00,1.00,1.00,1.00,1.00,0.00,0.00,0.00,1.00,0.00,1.00,0.00,1.00,1.00,1.00,0.00
00407168,Ocampo,APFF,Noreste y Sierra Madre Oriental,0.00,0.00,1.00,0.00,0.00,0.00,1.00,0.00,1.00,1.00,0.00,1.00,0.00,0.00,1.00,0.00,1.00,0.00,0.00,0.00,0.00,0.00,0.00,1.00,1.00,0.00,1.00,0.00,0.00,0.00,0.00,1.00,1.00,0.00,1.00,1.00
00407184,Sierra de San Miguelito,APFF,Noreste y Sierra Madre Oriental,0.00,0.00,1.00,0.00,0.00,0.00,0.00,0.00,1.00,0.00,0.00,1.00,0.00,0.00,1.00,1.00,0.00,0.00,1.00,1.00,0.00,1.00,1.00,1.00,0.00,0.00,1.00,0.00,1.00,0.00,0.00,1.00,1.00,0.00,1.00,0.00
00407221,Semidesierto Zacatecano,APFF,Noreste y Sierra Madre Oriental,0.00,0.00,1.00,0.00,0.00,0.00,1.00,0.00,1.00,0.00,1.00,1.00,0.00,0.00,1.00,1.00,1.00,0.00,1.00,1.00,1.00,1.00,0.00,1.00,1.00,0.00,1.00,0.00,0.00,0.00,0.00,1.00,1.00,0.00,0.00,1.00
00501096,Sierra de Manantlán,RB,Occidente y Pacífico Centro,0.00,1.00,0.00,0.00,1.00,1.00,0.00,1.00,1.00,1.00,0.00,1.00,1.00,0.00,0.00,1.00,0.00,0.00,0.00,1.00,0.00,1.00,0.00,1.00,1.00,1.00,0.00,0.00,1.00,0.00,1.00,1.00,1.00,0.00,0.00,1.00
00501147,Islas Marías,RB,Occidente y Pacífico Centro,1.00,1.00,1.00,0.00,0.00,1.00,1.00,1.00,1.00,1.00,0.00,1.00,1.00,1.00,1.00,1.00,1.00,0.00,1.00,1.00,1.00,0.00,1.00,0.00,0.00,0.00,1.00,1.00,1.00,1.00,1.00,1.00,1.00,1.00,1.00,0.00
00501164,Zicuirán-Infiernillo,RB,Occidente y Pacífico Centro,1.00,1.00,1.00,0.00,0.00,1.00,1.00,1.00,1.00,1.00,0.00,1.00,1.00,0.00,1.00,1.00,1.00,0.00,1.00,1.00,1.00,1.00,1.00,1.00,1.00,1.00,1.00,0.00,1.00,0.00,1.00,1.00,1.00,1.00,0.00,1.00
00501175,Marismas Nacionales Nayarit,RB,Occidente y Pacífico Centro,0.00,0.00,1.00,0.00,0.00,1.00,1.00,0.00,1.00,1.00,0.00,1.00,1.00,0.00,1.00,1.00,1.00,0.00,1.00,1.00,0.00,1.00,1.00,1.00,0.00,1.00,0.00,1.00,1.00,0.00,1.00,1.00,1.00,1.00,1.00,1.00
00501218,Sierra de Vallejo-Río Ameca,RB,Occidente y Pacífico Centro,0.00,1.00,1.00,0.00,0.00,0.00,0.00,0.00,1.00,0.00,0.00,1.00,0.00,0.00,0.00,0.00,0.00,0.00,0.00,1.00,0.00,1.00,0.00,1.00,1.00,0.00,0.00,0.00,0.00,0.00,1.00,1.00,1.00,0.00,1.00,1.00
00503005,Cerro de Garnica,PN,Occidente y Pacífico Centro,0.00,1.00,1.00,0.00,0.00,0.00,0.00,0.00,1.00,0.00,0.00,1.00,0.00,0.00,1.00,1.00,0.00,0.00,1.00,0.00,0.00,0.00,0.00,1.00,0.00,1.00,0.00,0.00,1.00,1.00,1.00,0.00,1.00,0.00,0.00,1.00
00503006,Volcán Nevado de Colima,PN,Occidente y Pacífico Centro,0.00,0.00,0.00,1.00,0.00,0.00,0.00,0.00,1.00,0.00,0.00,1.00,0.00,0.00,0.00,0.00,0.00,0.00,0.00,0.00,0.00,0.00,0.00,0.00,0.00,0.00,0.00,0.00,0.00,0.00,0.00,0.00,0.00,0.00,0.00,0.00
00503033,Barranca del Cupatitzio,PN,Occidente y Pacífico Centro,1.00,1.00,1.00,0.00,1.00,0.00,1.00,0.00,1.00,1.00,0.00,1.00,1.00,0.00,1.00,1.00,0.00,0.00,1.00,1.00,0.00,1.00,1.00,0.00,0.00,0.00,0.00,0.00,1.00,1.00,1.00,0.00,0.00,0.00,1.00,1.00
00503034,Insurgente José María Morelos,PN,Occidente y Pacífico Centro,1.00,1.00,1.00,0.00,0.00,0.00,1.00,0.00,1.00,0.00,0.00,1.00,0.00,0.00,1.00,1.00,0.00,0.00,1.00,0.00,0.00,1.00,0.00,1.00,0.00,1.00,0.00,0.00,1.00,1.00,1.00,1.00,1.00,0.00,0.00,1.00
00503042,Lago de Camécuaro,PN,Occidente y Pacífico Centro,0.00,0.00,0.00,0.00,0.00,0.00,0.00,0.00,0.00,0.00,0.00,0.00,0.00,0.00,1.00,1.00,0.00,0.00,0.00,1.00,0.00,0.00,0.00,0.00,0.00,0.00,0.00,0.00,0.00,0.00,0.00,0.00,0.00,0.00,1.00,0.00
00503050,Rayón,PN,Occidente y Pacífico Centro,0.00,1.00,1.00,0.00,1.00,0.00,0.00,0.00,1.00,0.00,0.00,1.00,0.00,0.00,1.00,1.00,0.00,0.00,0.00,0.00,0.00,0.00,0.00,0.00,0.00,1.00,0.00,0.00,1.00,1.00,1.00,0.00,0.00,0.00,0.00,1.00
00503065,Isla Isabel,PN,Occidente y Pacífico Centro,0.00,0.00,0.00,0.00,0.00,1.00,1.00,1.00,1.00,0.00,0.00,1.00,1.00,1.00,1.00,0.00,0.00,0.00,1.00,0.00,0.00,0.00,0.00,0.00,0.00,0.00,0.00,0.00,0.00,0.00,0.00,0.00,0.00,0.00,1.00,0.00
00503159,Islas Marietas,PN,Occidente y Pacífico Centro,0.00,0.00,0.00,0.00,0.00,0.00,0.00,0.00,0.00,0.00,0.00,0.00,0.00,1.00,0.00,0.00,0.00,0.00,0.00,0.00,0.00,0.00,0.00,0.00,0.00,0.00,0.00,0.00,0.00,0.00,0.00,0.00,0.00,1.00,1.00,0.00
00503214,Zona Marina de la Isla Isabel,PN,Occidente y Pacífico Centro,0.00,0.00,0.00,0.00,0.00,1.00,1.00,1.00,0.00,0.00,0.00,0.00,1.00,1.00,0.00,0.00,0.00,1.00,1.00,0.00,0.00,0.00,0.00,0.00,0.00,0.00,0.00,0.00,0.00,0.00,0.00,0.00,0.00,1.00,1.00,1.00
00506046,C.A.D.N.R. 001 Pabellón,APRN,Occidente y Pacífico Centro,0.00,0.00,0.00,0.00,0.00,0.00,1.00,0.00,1.00,0.00,0.00,1.00,0.00,0.00,0.00,1.00,0.00,0.00,0.00,0.00,0.00,0.00,0.00,1.00,0.00,0.00,0.00,1.00,1.00,0.00,1.00,1.00,1.00,0.00,1.00,1.00
00507040,Pico de Tancítaro,APFF,Occidente y Pacífico Centro,0.00,1.00,1.00,1.00,0.00,1.00,0.00,1.00,1.00,0.00,1.00,1.00,1.00,0.00,0.00,1.00,0.00,0.00,1.00,1.00,1.00,1.00,0.00,1.00,0.00,1.00,1.00,0.00,1.00,0.00,1.00,0.00,1.00,0.00,1.00,1.00
00507061,La Primavera,APFF,Occidente y Pacífico Centro,0.00,0.00,1.00,1.00,0.00,0.00,1.00,0.00,1.00,0.00,0.00,1.00,0.00,0.00,1.00,1.00,0.00,0.00,0.00,0.00,0.00,0.00,0.00,0.00,0.00,1.00,0.00,0.00,1.00,1.00,1.00,0.00,0.00,0.00,1.00,1.00
00507076,Sierra de Quila,APFF,Occidente y Pacífico Centro,0.00,0.00,1.00,0.00,0.00,0.00,0.00,0.00,1.00,0.00,0.00,1.00,0.00,0.00,0.00,1.00,0.00,0.00,1.00,0.00,0.00,1.00,0.00,1.00,0.00,1.00,0.00,0.00,1.00,1.00,1.00,1.00,1.00,0.00,1.00,0.00
00507217,Canoas,APFF,Occidente y Pacífico Centro,1.00,1.00,1.00,0.00,0.00,1.00,1.00,1.00,1.00,0.00,0.00,1.00,1.00,0.00,1.00,1.00,0.00,0.00,0.00,0.00,0.00,0.00,0.00,0.00,1.00,1.00,0.00,0.00,1.00,1.00,0.00,1.00,1.00,0.00,1.00,1.00
00508079,Playa Teopa,SANT,Occidente y Pacífico Centro,0.00,0.00,1.00,0.00,0.00,1.00,0.00,1.00,0.00,0.00,0.00,0.00,1.00,0.00,1.00,0.00,0.00,0.00,1.00,0.00,0.00,0.00,0.00,0.00,0.00,0.00,0.00,0.00,0.00,0.00,0.00,1.00,0.00,0.00,0.00,0.00
00508081,Playa Piedra de Tlacoyunque,SANT,Occidente y Pacífico Centro,0.00,0.00,1.00,0.00,0.00,1.00,0.00,1.00,0.00,0.00,0.00,0.00,1.00,0.00,1.00,0.00,0.00,0.00,1.00,0.00,0.00,0.00,0.00,0.00,0.00,0.00,0.00,0.00,0.00,0.00,0.00,1.00,0.00,0.00,0.00,1.00
00508082,Playa Mexiquillo,SANT,Occidente y Pacífico Centro,0.00,0.00,1.00,0.00,0.00,1.00,0.00,1.00,0.00,0.00,0.00,0.00,1.00,0.00,1.00,0.00,0.00,0.00,1.00,0.00,0.00,0.00,0.00,0.00,0.00,0.00,0.00,0.00,0.00,0.00,0.00,1.00,0.00,0.00,0.00,1.00
00508083,Playa Cuitzmala,SANT,Occidente y Pacífico Centro,0.00,0.00,1.00,0.00,0.00,1.00,0.00,1.00,0.00,0.00,0.00,0.00,1.00,0.00,1.00,0.00,0.00,0.00,1.00,0.00,0.00,0.00,0.00,0.00,0.00,0.00,0.00,0.00,0.00,0.00,0.00,1.00,0.00,0.00,0.00,0.00
00508090,Playa El Tecuán,SANT,Occidente y Pacífico Centro,0.00,0.00,1.00,0.00,0.00,1.00,0.00,1.00,0.00,0.00,0.00,0.00,1.00,0.00,1.00,0.00,0.00,0.00,1.00,0.00,0.00,0.00,0.00,0.00,0.00,0.00,0.00,0.00,0.00,0.00,0.00,1.00,0.00,0.00,1.00,1.00
00508091,Playa Mismaloya,SANT,Occidente y Pacífico Centro,1.00,0.00,0.00,0.00,1.00,1.00,1.00,1.00,1.00,1.00,0.00,1.00,1.00,0.00,0.00,0.00,0.00,0.00,1.00,1.00,0.00,0.00,0.00,0.00,0.00,0.00,0.00,0.00,0.00,0.00,1.00,1.00,1.00,1.00,1.00,1.00
00508092,Playa Maruata,SANT,Occidente y Pacífico Centro,0.00,0.00,1.00,0.00,0.00,1.00,0.00,1.00,0.00,0.00,0.00,0.00,1.00,0.00,1.00,0.00,0.00,0.00,1.00,0.00,0.00,0.00,0.00,0.00,0.00,0.00,0.00,0.00,0.00,0.00,0.00,1.00,0.00,0.00,1.00,1.00
00508093,Playa Colola,SANT,Occidente y Pacífico Centro,0.00,0.00,1.00,0.00,0.00,1.00,1.00,1.00,0.00,1.00,1.00,1.00,1.00,0.00,1.00,0.00,0.00,0.00,1.00,0.00,0.00,0.00,0.00,0.00,0.00,0.00,0.00,0.00,0.00,0.00,0.00,1.00,0.00,0.00,0.00,1.00
00508152,"Islas La Pajarera, Cocinas, Mamut, Colorada, San Pedro, San Agustín, San Andrés y Negrita y los Islotes Los Anegados, Novillas, Mosca y Submarino",SANT,Occidente y Pacífico Centro,1.00,0.00,1.00,0.00,0.00,1.00,1.00,1.00,0.00,0.00,0.00,1.00,1.00,1.00,1.00,0.00,0.00,0.00,1.00,0.00,0.00,0.00,0.00,0.00,0.00,0.00,0.00,0.00,0.00,0.00,0.00,0.00,0.00,1.00,1.00,1.00
00508213,Playa Platanitos,SANT,Occidente y Pacífico Centro,0.00,0.00,1.00,0.00,0.00,1.00,1.00,1.00,0.00,0.00,0.00,0.00,1.00,0.00,0.00,0.00,0.00,0.00,1.00,1.00,1.00,1.00,0.00,1.00,0.00,0.00,0.00,1.00,0.00,0.00,1.00,1.00,1.00,1.00,1.00,1.00
00601130,Sierra Gorda,RB,Centro y Eje Neovolcánico,0.00,1.00,1.00,0.00,0.00,0.00,1.00,0.00,1.00,1.00,0.00,1.00,1.00,0.00,1.00,1.00,0.00,0.00,1.00,0.00,1.00,1.00,1.00,1.00,1.00,1.00,1.00,0.00,1.00,1.00,1.00,1.00,1.00,1.00,1.00,1.00
00601135,Tehuacán-Cuicatlán,RB,Centro y Eje Neovolcánico,0.00,0.00,1.00,0.00,0.00,0.00,1.00,0.00,1.00,0.00,0.00,1.00,0.00,0.00,1.00,1.00,0.00,0.00,1.00,1.00,1.00,1.00,1.00,1.00,1.00,1.00,1.00,0.00,1.00,1.00,1.00,1.00,1.00,0.00,1.00,0.00
00601143,Mariposa Monarca,RB,Centro y Eje Neovolcánico,0.00,0.00,0.00,0.00,0.00,0.00,1.00,0.00,1.00,0.00,1.00,1.00,0.00,0.00,1.00,1.00,0.00,0.00,0.00,0.00,0.00,1.00,0.00,1.00,0.00,1.00,1.00,0.00,1.00,0.00,1.00,0.00,0.00,0.00,1.00,1.00
00601149,Barranca de Metztitlán,RB,Centro y Eje Neovolcánico,0.00,1.00,1.00,0.00,0.00,0.00,1.00,0.00,1.00,1.00,0.00,1.00,0.00,0.00,1.00,1.00,1.00,0.00,0.00,1.00,0.00,1.00,1.00,0.00,0.00,1.00,1.00,0.00,0.00,1.00,1.00,1.00,0.00,0.00,1.00,1.00
00601161,Sierra Gorda de Guanajuato,RB,Centro y Eje Neovolcánico,0.00,1.00,1.00,0.00,0.00,0.00,1.00,1.00,1.00,0.00,0.00,1.00,1.00,0.00,1.00,0.00,1.00,0.00,0.00,1.00,0.00,1.00,1.00,1.00,1.00,1.00,1.00,0.00,1.00,0.00,1.00,1.00,1.00,0.00,1.00,1.00
00601220,Sierra Tecuani,RB,Centro y Eje Neovolcánico,1.00,1.00,1.00,0.00,0.00,1.00,0.00,1.00,1.00,0.00,0.00,1.00,1.00,0.00,0.00,0.00,0.00,0.00,0.00,1.00,0.00,1.00,0.00,1.00,0.00,0.00,0.00,0.00,1.00,0.00,0.00,0.00,0.00,0.00,0.00,1.00
00603002,Iztaccíhuatl-Popocatépetl,PN,Centro y Eje Neovolcánico,1.00,1.00,1.00,1.00,1.00,1.00,0.00,1.00,1.00,0.00,1.00,1.00,1.00,0.00,1.00,1.00,1.00,0.00,1.00,1.00,0.00,0.00,1.00,1.00,1.00,1.00,0.00,0.00,1.00,0.00,0.00,1.00,1.00,0.00,1.00,1.00
00603007,Los Mármoles,PN,Centro y Eje Neovolcánico,0.00,1.00,1.00,0.00,0.00,0.00,1.00,0.00,1.00,0.00,1.00,1.00,0.00,0.00,1.00,1.00,0.00,0.00,0.00,0.00,0.00,0.00,0.00,1.00,0.00,0.00,1.00,0.00,1.00,0.00,0.00,0.00,1.00,0.00,0.00,0.00
00603009,Insurgente Miguel Hidalgo y Costilla,PN,Centro y Eje Neovolcánico,1.00,0.00,1.00,0.00,0.00,0.00,0.00,0.00,1.00,0.00,0.00,1.00,0.00,0.00,1.00,1.00,1.00,0.00,1.00,1.00,1.00,0.00,0.00,1.00,0.00,1.00,0.00,1.00,1.00,1.00,1.00,0.00,1.00,0.00,1.00,1.00
00603011,Cumbres del Ajusco,PN,Centro y Eje Neovolcánico,0.00,0.00,1.00,1.00,0.00,0.00,0.00,0.00,1.00,0.00,1.00,0.00,0.00,0.00,0.00,1.00,0.00,0.00,1.00,0.00,0.00,1.00,0.00,1.00,0.00,1.00,0.00,0.00,1.00,0.00,1.00,1.00,0.00,0.00,1.00,1.00
00603013,Lagunas de Zempoala,PN,Centro y Eje Neovolcánico,1.00,1.00,1.00,0.00,0.00,1.00,1.00,1.00,1.00,1.00,0.00,1.00,1.00,0.00,1.00,1.00,0.00,0.00,1.00,1.00,0.00,1.00,1.00,1.00,0.00,1.00,0.00,0.00,1.00,0.00,1.00,1.00,1.00,0.00,1.00,1.00
00603015,El Tepozteco,PN,Centro y Eje Neovolcánico,0.00,0.00,1.00,0.00,0.00,0.00,1.00,0.00,1.00,0.00,0.00,1.00,0.00,0.00,1.00,1.00,0.00,0.00,0.00,1.00,0.00,1.00,0.00,1.00,0.00,1.00,1.00,0.00,1.00,1.00,1.00,1.00,1.00,0.00,1.00,1.00
00603016,El Tepeyac,PN,Centro y Eje Neovolcánico,1.00,0.00,1.00,0.00,0.00,0.00,0.00,0.00,1.00,0.00,0.00,1.00,0.00,0.00,1.00,1.00,0.00,0.00,1.00,0.00,0.00,0.00,0.00,0.00,0.00,0.00,0.00,0.00,0.00,1.00,1.00,1.00,0.00,0.00,0.00,1.00
00603021,Molino de Flores Netzahualcóyotl,PN,Centro y Eje Neovolcánico,1.00,0.00,0.00,0.00,0.00,0.00,1.00,0.00,1.00,1.00,0.00,1.00,0.00,0.00,1.00,0.00,0.00,0.00,1.00,1.00,0.00,0.00,1.00,0.00,1.00,0.00,0.00,0.00,0.00,0.00,1.00,0.00,0.00,0.00,1.00,1.00
00603026,Los Remedios,PN,Centro y Eje Neovolcánico,0.00,0.00,1.00,0.00,1.00,0.00,1.00,0.00,1.00,1.00,0.00,1.00,0.00,0.00,1.00,0.00,0.00,0.00,1.00,1.00,0.00,0.00,1.00,0.00,0.00,1.00,0.00,0.00,0.00,1.00,1.00,0.00,0.00,0.00,1.00,1.00
00603031,La Montaña Malinche o Matlalcuéyatl,PN,Centro y Eje Neovolcánico,0.00,0.00,1.00,0.00,0.00,0.00,0.00,0.00,1.00,0.00,1.00,1.00,0.00,0.00,1.00,1.00,0.00,0.00,1.00,0.00,0.00,1.00,0.00,1.00,0.00,1.00,1.00,1.00,1.00,1.00,1.00,0.00,1.00,0.00,1.00,1.00
00603036,Sacromonte,PN,Centro y Eje Neovolcánico,1.00,1.00,1.00,1.00,1.00,0.00,0.00,0.00,1.00,0.00,0.00,1.00,0.00,0.00,1.00,1.00,0.00,0.00,0.00,0.00,0.00,0.00,0.00,0.00,0.00,0.00,0.00,0.00,0.00,1.00,1.00,1.00,0.00,0.00,1.00,1.00
00603053,General Juan Álvarez,PN,Centro y Eje Neovolcánico,0.00,0.00,1.00,0.00,0.00,0.00,0.00,0.00,1.00,1.00,0.00,1.00,0.00,0.00,0.00,1.00,0.00,0.00,0.00,0.00,0.00,1.00,0.00,0.00,1.00,0.00,1.00,0.00,0.00,0.00,0.00,1.00,0.00,0.00,0.00,1.00
00603064,El Veladero,PN,Centro y Eje Neovolcánico,1.00,1.00,1.00,0.00,0.00,1.00,1.00,1.00,1.00,0.00,0.00,1.00,1.00,0.00,0.00,0.00,0.00,0.00,1.00,0.00,0.00,1.00,1.00,1.00,0.00,0.00,0.00,0.00,1.00,1.00,1.00,1.00,1.00,0.00,1.00,1.00
00603070,Tula,PN,Centro y Eje Neovolcánico,0.00,0.00,0.00,0.00,0.00,0.00,0.00,0.00,1.00,0.00,0.00,0.00,0.00,0.00,0.00,1.00,0.00,0.00,1.00,0.00,0.00,0.00,0.00,0.00,0.00,0.00,0.00,0.00,0.00,0.00,0.00,0.00,0.00,0.00,1.00,0.00
00603075,El Cimatario,PN,Centro y Eje Neovolcánico,0.00,0.00,0.00,0.00,0.00,0.00,1.00,0.00,0.00,0.00,0.00,1.00,0.00,0.00,0.00,1.00,0.00,0.00,0.00,0.00,0.00,0.00,0.00,0.00,0.00,1.00,0.00,0.00,0.00,1.00,1.00,0.00,0.00,0.00,1.00,0.00
00603193,Vicente Guerrero,PN,Centro y Eje Neovolcánico,1.00,1.00,0.00,0.00,0.00,1.00,1.00,1.00,1.00,1.00,0.00,1.00,1.00,1.00,1.00,1.00,0.00,0.00,0.00,1.00,0.00,0.00,0.00,0.00,0.00,0.00,0.00,0.00,0.00,0.00,0.00,1.00,0.00,0.00,1.00,1.00
00606043,"Z.P.F.T.C.C. de los ríos Valle de Bravo, Malacatepec, Tilostoc y Temascaltepec",APRN,Centro y Eje Neovolcánico,1.00,1.00,1.00,0.00,0.00,0.00,0.00,0.00,1.00,0.00,0.00,1.00,0.00,0.00,1.00,1.00,1.00,0.00,1.00,1.00,0.00,1.00,1.00,1.00,0.00,1.00,1.00,1.00,0.00,1.00,1.00,0.00,0.00,0.00,1.00,1.00
00606185,Lago de Texcoco,APRN,Centro y Eje Neovolcánico,1.00,0.00,1.00,0.00,1.00,0.00,1.00,0.00,1.00,1.00,0.00,1.00,0.00,0.00,1.00,0.00,1.00,0.00,1.00,1.00,1.00,1.00,1.00,1.00,0.00,1.00,0.00,1.00,0.00,1.00,1.00,1.00,1.00,0.00,1.00,1.00
00606187,Peña Colorada,APRN,Centro y Eje Neovolcánico,0.00,0.00,0.00,0.00,0.00,0.00,1.00,0.00,1.00,0.00,0.00,1.00,0.00,0.00,1.00,1.00,0.00,0.00,0.00,0.00,0.00,0.00,0.00,0.00,0.00,1.00,0.00,0.00,0.00,1.00,1.00,0.00,1.00,0.00,0.00,0.00
00606223,Lago Tláhuac-Xico,APRN,Centro y Eje Neovolcánico,0.00,0.00,1.00,0.00,1.00,0.00,1.00,0.00,1.00,1.00,0.00,1.00,0.00,0.00,1.00,1.00,1.00,0.00,1.00,1.00,0.00,1.00,1.00,1.00,0.00,1.00,0.00,0.00,0.00,1.00,1.00,0.00,0.00,0.00,0.00,1.00
00607003,Nevado de Toluca,APFF,Centro y Eje Neovolcánico,1.00,1.00,1.00,0.00,0.00,0.00,0.00,0.00,1.00,0.00,1.00,1.00,0.00,0.00,1.00,1.00,1.00,0.00,0.00,1.00,0.00,1.00,0.00,1.00,0.00,1.00,0.00,0.00,1.00,0.00,1.00,0.00,1.00,0.00,1.00,1.00
00607099,Corredor Biológico Chichinautzin,APFF,Centro y Eje Neovolcánico,1.00,1.00,1.00,0.00,0.00,0.00,1.00,0.00,1.00,1.00,1.00,1.00,1.00,0.00,1.00,1.00,1.00,0.00,1.00,1.00,0.00,1.00,0.00,1.00,0.00,1.00,0.00,1.00,1.00,1.00,1.00,1.00,1.00,0.00,1.00,1.00
00607154,Ciénegas del Lerma,APFF,Centro y Eje Neovolcánico,1.00,0.00,0.00,0.00,1.00,1.00,1.00,1.00,1.00,1.00,1.00,1.00,1.00,0.00,1.00,0.00,1.00,0.00,1.00,1.00,1.00,1.00,0.00,1.00,0.00,1.00,0.00,0.00,0.00,1.00,0.00,1.00,1.00,0.00,0.00,0.00
00607188,Hermenegildo Galeana,APFF,Centro y Eje Neovolcánico,1.00,1.00,1.00,0.00,0.00,1.00,1.00,1.00,1.00,1.00,0.00,1.00,1.00,0.00,1.00,0.00,0.00,0.00,1.00,0.00,0.00,0.00,0.00,0.00,0.00,0.00,1.00,0.00,0.00,0.00,0.00,1.00,1.00,0.00,1.00,1.00
00701203,Wanha',RB,Planicie Costera y Golfo de México,0.00,0.00,0.00,0.00,0.00,0.00,1.00,0.00,1.00,0.00,0.00,1.00,0.00,0.00,1.00,0.00,1.00,0.00,1.00,0.00,0.00,0.00,0.00,1.00,0.00,0.00,0.00,0.00,1.00,0.00,1.00,1.00,1.00,1.00,1.00,0.00
00703014,Pico de Orizaba,PN,Planicie Costera y Golfo de México,0.00,1.00,1.00,1.00,0.00,1.00,1.00,1.00,1.00,0.00,1.00,1.00,1.00,0.00,0.00,1.00,0.00,0.00,0.00,1.00,0.00,0.00,0.00,1.00,0.00,1.00,0.00,0.00,1.00,0.00,0.00,0.00,1.00,0.00,1.00,1.00
00703017,Cofre de Perote o Nauhcampatépetl,PN,Planicie Costera y Golfo de México,0.00,1.00,1.00,0.00,0.00,1.00,1.00,1.00,1.00,0.00,1.00,1.00,1.00,0.00,0.00,1.00,0.00,0.00,0.00,0.00,0.00,0.00,0.00,0.00,0.00,1.00,0.00,0.00,1.00,0.00,1.00,1.00,0.00,0.00,1.00,1.00
00703025,Cañón del Río Blanco,PN,Planicie Costera y Golfo de México,0.00,1.00,1.00,0.00,0.00,0.00,1.00,0.00,1.00,1.00,0.00,1.00,0.00,0.00,1.00,1.00,0.00,1.00,1.00,1.00,1.00,1.00,1.00,1.00,0.00,1.00,1.00,1.00,1.00,1.00,1.00,1.00,1.00,0.00,1.00,1.00
00703109,Sistema Arrecifal Veracruzano,PN,Planicie Costera y Golfo de México,0.00,0.00,0.00,0.00,0.00,1.00,1.00,1.00,0.00,0.00,0.00,0.00,1.00,1.00,1.00,0.00,0.00,1.00,1.00,1.00,0.00,0.00,0.00,0.00,0.00,0.00,0.00,0.00,0.00,0.00,0.00,0.00,0.00,1.00,1.00,0.00
00703210,Carmen Serdán,PN,Planicie Costera y Golfo de México,0.00,1.00,0.00,0.00,0.00,1.00,1.00,1.00,1.00,0.00,0.00,1.00,1.00,0.00,1.00,1.00,1.00,0.00,1.00,1.00,0.00,1.00,0.00,0.00,0.00,0.00,0.00,0.00,1.00,0.00,0.00,1.00,1.00,1.00,1.00,1.00
00706032,Z.P.F.V. la Cuenca Hidrográfica del Río Necaxa,APRN,Planicie Costera y Golfo de México,1.00,1.00,1.00,0.00,0.00,1.00,1.00,1.00,1.00,1.00,1.00,1.00,1.00,0.00,1.00,1.00,0.00,1.00,1.00,1.00,1.00,1.00,0.00,0.00,0.00,0.00,1.00,0.00,1.00,0.00,1.00,1.00,1.00,0.00,1.00,1.00
00706224,Tlachinoltepetl,APRN,Planicie Costera y Golfo de México,0.00,1.00,1.00,0.00,0.00,0.00,1.00,0.00,1.00,0.00,0.00,1.00,0.00,0.00,1.00,1.00,0.00,0.00,1.00,1.00,0.00,1.00,0.00,1.00,0.00,1.00,0.00,0.00,1.00,0.00,1.00,1.00,1.00,0.00,1.00,1.00
00706228,Kowtahyolo,APRN,Planicie Costera y Golfo de México,0.00,1.00,1.00,0.00,0.00,1.00,1.00,1.00,1.00,1.00,1.00,1.00,1.00,0.00,1.00,1.00,1.00,1.00,1.00,1.00,0.00,1.00,1.00,1.00,1.00,1.00,1.00,1.00,1.00,1.00,1.00,1.00,1.00,0.00,1.00,1.00
00707116,Laguna de Términos,APFF,Planicie Costera y Golfo de México,0.00,0.00,0.00,0.00,0.00,1.00,1.00,1.00,1.00,1.00,0.00,1.00,1.00,0.00,1.00,1.00,0.00,1.00,1.00,1.00,1.00,1.00,1.00,1.00,0.00,0.00,0.00,1.00,1.00,1.00,1.00,1.00,1.00,1.00,1.00,1.00
00707156,Laguna Madre y Delta del Río Bravo,APFF,Planicie Costera y Golfo de México,0.00,0.00,1.00,0.00,1.00,1.00,1.00,1.00,0.00,1.00,0.00,1.00,1.00,0.00,1.00,0.00,0.00,1.00,1.00,1.00,0.00,1.00,1.00,1.00,0.00,1.00,0.00,0.00,0.00,0.00,1.00,0.00,1.00,1.00,1.00,1.00
00707166,Cañón del Usumacinta,APFF,Planicie Costera y Golfo de México,0.00,1.00,1.00,0.00,0.00,0.00,1.00,0.00,1.00,1.00,0.00,1.00,0.00,0.00,1.00,0.00,0.00,0.00,1.00,0.00,0.00,0.00,0.00,1.00,0.00,0.00,0.00,0.00,0.00,0.00,1.00,0.00,1.00,0.00,1.00,0.00
00707169,Sistema Arrecifal Lobos-Tuxpan,APFF,Planicie Costera y Golfo de México,0.00,0.00,1.00,0.00,0.00,1.00,1.00,0.00,1.00,0.00,0.00,1.00,1.00,1.00,1.00,1.00,1.00,1.00,0.00,1.00,0.00,1.00,1.00,0.00,0.00,0.00,0.00,0.00,0.00,0.00,1.00,0.00,0.00,1.00,0.00,1.00
00708080,Playa Rancho Nuevo,SANT,Planicie Costera y Golfo de México,0.00,0.00,1.00,0.00,0.00,1.00,1.00,1.00,0.00,1.00,0.00,1.00,1.00,0.00,1.00,0.00,1.00,1.00,1.00,1.00,1.00,1.00,1.00,1.00,0.00,0.00,0.00,1.00,1.00,1.00,1.00,1.00,1.00,1.00,1.00,1.00
00708205,Playa Lechuguillas,SANT,Planicie Costera y Golfo de México,0.00,0.00,1.00,0.00,0.00,1.00,1.00,1.00,0.00,0.00,0.00,0.00,1.00,0.00,0.00,0.00,0.00,1.00,1.00,0.00,0.00,0.00,0.00,0.00,0.00,0.00,0.00,0.00,0.00,0.00,0.00,0.00,0.00,0.00,1.00,0.00
00708209,Playas del Totonacapan,SANT,Planicie Costera y Golfo de México,0.00,0.00,1.00,0.00,0.00,1.00,1.00,1.00,0.00,0.00,0.00,1.00,1.00,0.00,1.00,0.00,0.00,1.00,1.00,1.00,0.00,1.00,0.00,0.00,0.00,0.00,0.00,0.00,0.00,0.00,1.00,1.00,0.00,0.00,0.00,1.00
00801056,Montes Azules,RB,"Frontera Sur, Istmo y Pacífico Sur",0.00,1.00,1.00,0.00,0.00,0.00,1.00,1.00,1.00,1.00,0.00,1.00,1.00,0.00,1.00,1.00,0.00,0.00,1.00,1.00,0.00,1.00,1.00,1.00,0.00,1.00,0.00,0.00,1.00,1.00,1.00,1.00,1.00,1.00,1.00,1.00
00801077,Selva El Ocote,RB,"Frontera Sur, Istmo y Pacífico Sur",1.00,0.00,1.00,0.00,0.00,0.00,1.00,0.00,1.00,1.00,0.00,1.00,1.00,0.00,1.00,0.00,0.00,0.00,1.00,1.00,0.00,1.00,0.00,1.00,0.00,1.00,0.00,0.00,1.00,1.00,1.00,1.00,1.00,0.00,1.00,1.00
00801102,El Triunfo,RB,"Frontera Sur, Istmo y Pacífico Sur",1.00,1.00,1.00,0.00,1.00,1.00,1.00,1.00,1.00,1.00,0.00,1.00,1.00,0.00,1.00,1.00,0.00,0.00,1.00,0.00,0.00,1.00,1.00,0.00,1.00,0.00,1.00,0.00,1.00,1.00,1.00,1.00,1.00,0.00,0.00,1.00
00801108,Lacan-Tun,RB,"Frontera Sur, Istmo y Pacífico Sur",0.00,0.00,0.00,0.00,0.00,0.00,1.00,0.00,1.00,1.00,0.00,0.00,1.00,0.00,1.00,0.00,0.00,0.00,0.00,0.00,0.00,0.00,0.00,0.00,0.00,0.00,0.00,0.00,1.00,0.00,1.00,1.00,1.00,1.00,0.00,1.00
00801122,La Encrucijada,RB,"Frontera Sur, Istmo y Pacífico Sur",1.00,0.00,1.00,0.00,0.00,1.00,1.00,1.00,1.00,1.00,0.00,1.00,1.00,0.00,1.00,1.00,0.00,0.00,1.00,1.00,1.00,1.00,1.00,1.00,0.00,1.00,0.00,0.00,1.00,1.00,1.00,1.00,1.00,1.00,1.00,1.00
00801123,La Sepultura,RB,"Frontera Sur, Istmo y Pacífico Sur",1.00,1.00,1.00,0.00,0.00,1.00,1.00,1.00,1.00,1.00,0.00,1.00,1.00,0.00,1.00,1.00,0.00,0.00,1.00,1.00,0.00,1.00,0.00,1.00,0.00,1.00,1.00,1.00,1.00,1.00,1.00,1.00,1.00,0.00,1.00,1.00
00801155,Volcán Tacaná,RB,"Frontera Sur, Istmo y Pacífico Sur",1.00,1.00,0.00,1.00,0.00,1.00,1.00,1.00,1.00,1.00,0.00,0.00,1.00,0.00,0.00,1.00,0.00,0.00,1.00,1.00,0.00,1.00,1.00,0.00,0.00,0.00,1.00,0.00,1.00,0.00,0.00,1.00,1.00,0.00,1.00,1.00
00803020,Lagunas de Chacahua,PN,"Frontera Sur, Istmo y Pacífico Sur",0.00,0.00,1.00,0.00,0.00,1.00,1.00,1.00,1.00,1.00,0.00,1.00,1.00,0.00,1.00,0.00,0.00,0.00,1.00,1.00,0.00,1.00,0.00,1.00,0.00,0.00,1.00,1.00,1.00,0.00,1.00,1.00,1.00,1.00,1.00,0.00
00803023,Benito Juárez,PN,"Frontera Sur, Istmo y Pacífico Sur",1.00,0.00,1.00,0.00,0.00,1.00,1.00,0.00,1.00,0.00,0.00,1.00,1.00,0.00,0.00,1.00,0.00,0.00,1.00,1.00,0.00,0.00,0.00,0.00,0.00,0.00,0.00,0.00,1.00,1.00,1.00,1.00,1.00,0.00,0.00,1.00
00803051,Lagunas de Montebello,PN,"Frontera Sur, Istmo y Pacífico Sur",0.00,0.00,1.00,0.00,1.00,0.00,1.00,1.00,1.00,1.00,0.00,1.00,1.00,0.00,1.00,1.00,0.00,0.00,1.00,1.00,0.00,1.00,0.00,1.00,0.00,1.00,1.00,0.00,1.00,1.00,0.00,0.00,1.00,1.00,1.00,1.00
00803066,Cañón del Sumidero,PN,"Frontera Sur, Istmo y Pacífico Sur",1.00,1.00,1.00,0.00,0.00,1.00,1.00,0.00,1.00,1.00,0.00,1.00,1.00,0.00,1.00,1.00,0.00,0.00,1.00,1.00,1.00,1.00,1.00,1.00,0.00,1.00,1.00,1.00,1.00,1.00,1.00,0.00,1.00,1.00,1.00,1.00
00803071,Palenque,PN,"Frontera Sur, Istmo y Pacífico Sur",0.00,0.00,1.00,0.00,0.00,0.00,1.00,0.00,1.00,1.00,0.00,1.00,0.00,0.00,1.00,0.00,0.00,0.00,1.00,1.00,0.00,1.00,0.00,1.00,0.00,1.00,0.00,0.00,1.00,1.00,1.00,1.00,1.00,0.00,1.00,1.00
00803134,Huatulco,PN,"Frontera Sur, Istmo y Pacífico Sur",0.00,0.00,0.00,0.00,0.00,1.00,1.00,1.00,1.00,1.00,0.00,1.00,1.00,1.00,1.00,0.00,0.00,0.00,0.00,0.00,0.00,0.00,0.00,0.00,0.00,1.00,0.00,0.00,0.00,1.00,1.00,1.00,1.00,1.00,1.00,0.00
00803197,Huatulco II,PN,"Frontera Sur, Istmo y Pacífico Sur",0.00,0.00,0.00,0.00,0.00,1.00,1.00,1.00,1.00,0.00,0.00,1.00,1.00,0.00,0.00,0.00,0.00,0.00,0.00,0.00,0.00,0.00,0.00,0.00,0.00,1.00,0.00,0.00,1.00,1.00,1.00,1.00,1.00,0.00,1.00,0.00
00803199,Ricardo Flores Magón,PN,"Frontera Sur, Istmo y Pacífico Sur",1.00,0.00,0.00,0.00,0.00,1.00,1.00,1.00,1.00,0.00,0.00,1.00,1.00,0.00,0.00,0.00,0.00,0.00,0.00,0.00,0.00,0.00,0.00,0.00,0.00,1.00,1.00,0.00,1.00,1.00,1.00,1.00,1.00,0.00,1.00,0.00
00803226,Tangolunda,PN,"Frontera Sur, Istmo y Pacífico Sur",1.00,0.00,0.00,0.00,0.00,1.00,1.00,1.00,1.00,0.00,0.00,1.00,1.00,0.00,1.00,0.00,0.00,0.00,0.00,0.00,0.00,0.00,0.00,0.00,0.00,0.00,0.00,0.00,1.00,0.00,1.00,1.00,1.00,0.00,0.00,0.00
00804105,Bonampak,MN,"Frontera Sur, Istmo y Pacífico Sur",0.00,0.00,0.00,0.00,0.00,0.00,0.00,0.00,0.00,0.00,0.00,0.00,1.00,0.00,0.00,0.00,0.00,0.00,0.00,0.00,0.00,0.00,0.00,0.00,0.00,0.00,0.00,0.00,1.00,0.00,0.00,0.00,1.00,0.00,1.00,1.00
00804107,Yaxchilán,MN,"Frontera Sur, Istmo y Pacífico Sur",0.00,0.00,0.00,0.00,0.00,0.00,0.00,0.00,0.00,0.00,0.00,0.00,0.00,0.00,0.00,0.00,0.00,0.00,0.00,0.00,0.00,0.00,0.00,0.00,0.00,0.00,0.00,0.00,0.00,0.00,0.00,0.00,0.00,0.00,0.00,0.00
00804140,Yagul,MN,"Frontera Sur, Istmo y Pacífico Sur",0.00,1.00,1.00,0.00,0.00,1.00,1.00,0.00,1.00,0.00,0.00,1.00,0.00,0.00,0.00,1.00,0.00,0.00,1.00,1.00,0.00,1.00,0.00,1.00,0.00,1.00,0.00,0.00,1.00,1.00,1.00,1.00,1.00,0.00,1.00,1.00
00806058,"Z.P.F. en los terrenos que se encuentran en los mpios. de La Concordia, Ángel Albino Corzo, Villa Flores y Jiquipilas",APRN,"Frontera Sur, Istmo y Pacífico Sur",1.00,1.00,1.00,0.00,1.00,1.00,1.00,1.00,1.00,1.00,0.00,1.00,1.00,0.00,1.00,1.00,0.00,0.00,0.00,1.00,0.00,1.00,1.00,1.00,0.00,1.00,0.00,1.00,1.00,1.00,1.00,1.00,1.00,0.00,0.00,1.00
00806232,Z.P.F.V. los terrenos forestales de Villa Allende,APRN,"Frontera Sur, Istmo y Pacífico Sur",1.00,1.00,0.00,0.00,0.00,0.00,1.00,1.00,1.00,0.00,0.00,1.00,1.00,0.00,0.00,0.00,0.00,0.00,0.00,0.00,0.00,1.00,0.00,1.00,0.00,0.00,1.00,1.00,1.00,0.00,1.00,1.00,1.00,0.00,0.00,1.00
00807062,Cascada de Agua Azul,APFF,"Frontera Sur, Istmo y Pacífico Sur",0.00,1.00,1.00,0.00,0.00,0.00,1.00,0.00,1.00,1.00,0.00,1.00,0.00,0.00,1.00,0.00,0.00,0.00,1.00,1.00,0.00,1.00,1.00,1.00,0.00,1.00,0.00,0.00,1.00,1.00,1.00,1.00,1.00,0.00,1.00,1.00
00807106,Chan-Kin,APFF,"Frontera Sur, Istmo y Pacífico Sur",0.00,0.00,0.00,0.00,0.00,0.00,0.00,0.00,1.00,0.00,0.00,0.00,1.00,0.00,0.00,0.00,0.00,0.00,0.00,0.00,0.00,1.00,0.00,0.00,0.00,0.00,0.00,0.00,1.00,0.00,1.00,0.00,1.00,1.00,0.00,1.00
00807136,Nahá,APFF,"Frontera Sur, Istmo y Pacífico Sur",0.00,0.00,0.00,0.00,0.00,0.00,0.00,0.00,0.00,0.00,0.00,0.00,1.00,0.00,1.00,1.00,0.00,0.00,1.00,0.00,0.00,1.00,0.00,0.00,0.00,0.00,1.00,0.00,1.00,0.00,0.00,0.00,1.00,1.00,1.00,0.00
00807137,Metzabok,APFF,"Frontera Sur, Istmo y Pacífico Sur",0.00,0.00,0.00,0.00,0.00,0.00,0.00,0.00,1.00,0.00,0.00,0.00,1.00,0.00,1.00,0.00,0.00,0.00,1.00,0.00,0.00,1.00,0.00,0.00,0.00,0.00,1.00,0.00,0.00,0.00,0.00,0.00,1.00,1.00,1.00,0.00
00807167,Boquerón de Tonalá,APFF,"Frontera Sur, Istmo y Pacífico Sur",0.00,1.00,1.00,0.00,0.00,1.00,1.00,0.00,1.00,0.00,0.00,1.00,0.00,0.00,0.00,1.00,0.00,0.00,1.00,1.00,0.00,0.00,1.00,1.00,0.00,0.00,0.00,0.00,1.00,1.00,1.00,1.00,1.00,0.00,1.00,1.00
00807196,Bajos de Coyula,APFF,"Frontera Sur, Istmo y Pacífico Sur",1.00,0.00,0.00,0.00,0.00,1.00,1.00,1.00,1.00,0.00,0.00,1.00,1.00,0.00,0.00,0.00,0.00,0.00,1.00,0.00,0.00,1.00,0.00,1.00,0.00,1.00,0.00,1.00,1.00,1.00,1.00,1.00,1.00,0.00,1.00,0.00
00807230,Bajos de Coyula II,APFF,"Frontera Sur, Istmo y Pacífico Sur",1.00,0.00,0.00,0.00,0.00,1.00,1.00,1.00,1.00,0.00,0.00,0.00,1.00,0.00,0.00,0.00,0.00,0.00,1.00,0.00,0.00,1.00,0.00,1.00,0.00,1.00,0.00,1.00,1.00,1.00,1.00,1.00,1.00,0.00,1.00,0.00
00808084,Playa Chacahua,SANT,"Frontera Sur, Istmo y Pacífico Sur",1.00,0.00,1.00,0.00,0.00,1.00,1.00,1.00,1.00,1.00,0.00,1.00,1.00,0.00,1.00,0.00,0.00,0.00,1.00,1.00,0.00,1.00,0.00,1.00,0.00,1.00,0.00,0.00,1.00,1.00,1.00,1.00,1.00,0.00,1.00,0.00
00808086,Playa Tierra Colorada,SANT,"Frontera Sur, Istmo y Pacífico Sur",1.00,1.00,1.00,0.00,0.00,1.00,1.00,1.00,0.00,1.00,0.00,1.00,1.00,0.00,1.00,0.00,1.00,0.00,1.00,1.00,1.00,1.00,1.00,1.00,0.00,0.00,0.00,0.00,1.00,0.00,0.00,1.00,1.00,1.00,1.00,1.00
00808094,Playa Puerto Arista,SANT,"Frontera Sur, Istmo y Pacífico Sur",1.00,1.00,0.00,0.00,0.00,1.00,0.00,1.00,0.00,0.00,0.00,0.00,1.00,0.00,1.00,0.00,0.00,0.00,0.00,0.00,0.00,0.00,0.00,0.00,0.00,0.00,0.00,0.00,0.00,1.00,1.00,1.00,0.00,1.00,1.00,1.00
00808095,Playa Escobilla,SANT,"Frontera Sur, Istmo y Pacífico Sur",1.00,0.00,1.00,0.00,0.00,1.00,1.00,1.00,0.00,1.00,0.00,1.00,1.00,0.00,1.00,0.00,1.00,0.00,1.00,1.00,1.00,1.00,0.00,1.00,0.00,1.00,0.00,1.00,1.00,1.00,1.00,1.00,1.00,1.00,1.00,1.00
00808206,Barra de la Cruz-Playa Grande,SANT,"Frontera Sur, Istmo y Pacífico Sur",1.00,1.00,1.00,0.00,0.00,1.00,1.00,1.00,0.00,1.00,0.00,0.00,1.00,0.00,0.00,0.00,0.00,1.00,1.00,0.00,0.00,1.00,1.00,0.00,0.00,0.00,0.00,1.00,0.00,0.00,1.00,1.00,1.00,1.00,1.00,1.00
00808208,Playa Morro Ayuta,SANT,"Frontera Sur, Istmo y Pacífico Sur",1.00,0.00,1.00,0.00,0.00,1.00,1.00,1.00,1.00,1.00,0.00,1.00,1.00,0.00,1.00,0.00,1.00,1.00,1.00,0.00,0.00,1.00,0.00,0.00,0.00,1.00,0.00,1.00,0.00,1.00,1.00,1.00,1.00,1.00,1.00,1.00
00808215,Playa Cahuitán,SANT,"Frontera Sur, Istmo y Pacífico Sur",1.00,0.00,1.00,0.00,0.00,1.00,1.00,1.00,1.00,1.00,0.00,1.00,1.00,0.00,0.00,0.00,0.00,0.00,1.00,1.00,1.00,1.00,0.00,0.00,0.00,0.00,0.00,0.00,0.00,0.00,0.00,1.00,0.00,0.00,1.00,0.00
00901078,Sian Ka'an,RB,Península de Yucatán y Caribe Mexicano,0.00,0.00,1.00,0.00,0.00,1.00,1.00,1.00,1.00,1.00,0.00,1.00,1.00,1.00,1.00,1.00,0.00,0.00,1.00,0.00,0.00,0.00,0.00,0.00,0.00,0.00,0.00,0.00,1.00,1.00,1.00,1.00,1.00,1.00,1.00,1.00
00901101,Calakmul,RB,Península de Yucatán y Caribe Mexicano,0.00,0.00,0.00,0.00,0.00,1.00,1.00,1.00,1.00,1.00,0.00,1.00,1.00,0.00,1.00,1.00,1.00,0.00,0.00,1.00,0.00,1.00,0.00,1.00,0.00,1.00,1.00,0.00,1.00,0.00,1.00,1.00,1.00,0.00,1.00,0.00
00901126,Banco Chinchorro,RB,Península de Yucatán y Caribe Mexicano,0.00,0.00,1.00,0.00,0.00,1.00,1.00,1.00,0.00,1.00,0.00,1.00,1.00,1.00,1.00,0.00,0.00,1.00,1.00,1.00,0.00,0.00,0.00,0.00,0.00,0.00,0.00,0.00,0.00,0.00,0.00,1.00,0.00,1.00,0.00,1.00
00901132,Arrecifes de Sian Ka'an,RB,Península de Yucatán y Caribe Mexicano,0.00,0.00,1.00,0.00,0.00,1.00,1.00,1.00,1.00,1.00,0.00,1.00,1.00,1.00,1.00,1.00,0.00,0.00,1.00,0.00,0.00,0.00,0.00,0.00,0.00,0.00,0.00,0.00,1.00,1.00,1.00,1.00,1.00,1.00,1.00,1.00
00901139,Ría Lagartos,RB,Península de Yucatán y Caribe Mexicano,0.00,0.00,0.00,0.00,0.00,1.00,1.00,1.00,1.00,0.00,0.00,1.00,1.00,0.00,1.00,0.00,0.00,0.00,1.00,0.00,0.00,1.00,0.00,1.00,0.00,0.00,0.00,0.00,1.00,1.00,1.00,1.00,1.00,1.00,1.00,0.00
00901141,Los Petenes,RB,Península de Yucatán y Caribe Mexicano,0.00,0.00,0.00,0.00,0.00,1.00,1.00,1.00,1.00,0.00,0.00,1.00,1.00,0.00,1.00,1.00,1.00,1.00,1.00,1.00,0.00,1.00,1.00,0.00,0.00,1.00,1.00,1.00,0.00,0.00,0.00,1.00,1.00,1.00,1.00,0.00
00901148,Ría Celestún,RB,Península de Yucatán y Caribe Mexicano,0.00,0.00,1.00,0.00,0.00,1.00,1.00,1.00,1.00,1.00,0.00,1.00,1.00,0.00,1.00,1.00,1.00,0.00,1.00,1.00,0.00,0.00,1.00,0.00,0.00,1.00,1.00,1.00,1.00,1.00,1.00,1.00,0.00,0.00,1.00,1.00
00901170,Tiburón Ballena,RB,Península de Yucatán y Caribe Mexicano,0.00,0.00,1.00,0.00,0.00,1.00,1.00,1.00,0.00,0.00,0.00,1.00,1.00,1.00,1.00,0.00,0.00,0.00,0.00,0.00,0.00,0.00,0.00,0.00,0.00,0.00,0.00,0.00,0.00,0.00,0.00,1.00,0.00,1.00,1.00,1.00
00901201,Balam Kú,RB,Península de Yucatán y Caribe Mexicano,0.00,0.00,1.00,0.00,1.00,1.00,1.00,1.00,1.00,1.00,0.00,1.00,1.00,0.00,1.00,1.00,1.00,1.00,1.00,1.00,0.00,1.00,1.00,1.00,0.00,1.00,1.00,1.00,1.00,1.00,1.00,1.00,1.00,1.00,1.00,1.00
00903069,Tulum,PN,Península de Yucatán y Caribe Mexicano,0.00,0.00,0.00,0.00,0.00,1.00,1.00,1.00,1.00,1.00,0.00,1.00,1.00,0.00,1.00,1.00,1.00,1.00,1.00,1.00,1.00,0.00,0.00,0.00,0.00,1.00,0.00,0.00,1.00,1.00,1.00,1.00,1.00,0.00,1.00,1.00
00903097,Dzibilchantún,PN,Península de Yucatán y Caribe Mexicano,0.00,0.00,0.00,0.00,0.00,1.00,1.00,1.00,1.00,0.00,0.00,1.00,1.00,0.00,1.00,0.00,0.00,0.00,1.00,1.00,0.00,1.00,0.00,1.00,0.00,1.00,0.00,1.00,0.00,1.00,1.00,1.00,0.00,0.00,0.00,0.00
00903117,Arrecife Alacranes,PN,Península de Yucatán y Caribe Mexicano,0.00,0.00,0.00,0.00,0.00,1.00,0.00,1.00,0.00,1.00,0.00,0.00,1.00,1.00,1.00,0.00,0.00,1.00,0.00,0.00,0.00,0.00,0.00,0.00,0.00,0.00,0.00,0.00,0.00,0.00,0.00,1.00,0.00,1.00,1.00,1.00
00903127,"Costa Occidental de Isla Mujeres, Punta Cancún y Punta Nizuc",PN,Península de Yucatán y Caribe Mexicano,0.00,0.00,1.00,0.00,0.00,1.00,1.00,1.00,0.00,1.00,0.00,0.00,1.00,1.00,1.00,0.00,0.00,1.00,1.00,1.00,0.00,0.00,0.00,0.00,0.00,0.00,0.00,1.00,0.00,0.00,0.00,0.00,0.00,1.00,1.00,1.00
00903128,Arrecifes de Cozumel,PN,Península de Yucatán y Caribe Mexicano,0.00,0.00,0.00,0.00,0.00,1.00,1.00,1.00,0.00,0.00,0.00,0.00,1.00,1.00,1.00,0.00,1.00,1.00,1.00,1.00,0.00,0.00,0.00,0.00,0.00,0.00,0.00,1.00,0.00,0.00,1.00,1.00,0.00,1.00,1.00,1.00
00903133,Arrecife de Puerto Morelos,PN,Península de Yucatán y Caribe Mexicano,0.00,0.00,1.00,0.00,0.00,1.00,1.00,1.00,0.00,0.00,0.00,0.00,1.00,1.00,1.00,0.00,1.00,1.00,1.00,1.00,1.00,1.00,0.00,0.00,0.00,0.00,0.00,1.00,0.00,1.00,0.00,1.00,1.00,1.00,1.00,1.00
00903150,Arrecifes de Xcalak,PN,Península de Yucatán y Caribe Mexicano,0.00,0.00,1.00,0.00,0.00,1.00,1.00,1.00,1.00,1.00,0.00,1.00,1.00,1.00,1.00,1.00,1.00,1.00,1.00,1.00,0.00,0.00,1.00,0.00,0.00,0.00,0.00,1.00,1.00,1.00,1.00,1.00,1.00,1.00,0.00,1.00
00903207,Nuevo Uxmal,PN,Península de Yucatán y Caribe Mexicano,0.00,0.00,0.00,0.00,0.00,1.00,1.00,1.00,1.00,0.00,0.00,1.00,1.00,0.00,1.00,0.00,0.00,0.00,0.00,0.00,0.00,0.00,0.00,0.00,0.00,0.00,0.00,0.00,0.00,0.00,0.00,0.00,0.00,0.00,0.00,0.00
00903212,Bajos del Norte,PN,Península de Yucatán y Caribe Mexicano,0.00,0.00,1.00,0.00,0.00,1.00,1.00,1.00,0.00,1.00,0.00,0.00,1.00,1.00,1.00,0.00,0.00,1.00,1.00,0.00,0.00,0.00,0.00,0.00,0.00,0.00,0.00,0.00,0.00,0.00,0.00,1.00,0.00,1.00,1.00,0.00
00907115,Yum Balam,APFF,Península de Yucatán y Caribe Mexicano,0.00,0.00,1.00,0.00,0.00,1.00,1.00,1.00,1.00,1.00,0.00,1.00,1.00,1.00,1.00,0.00,0.00,0.00,1.00,1.00,0.00,1.00,1.00,1.00,0.00,1.00,1.00,1.00,1.00,1.00,1.00,1.00,1.00,1.00,1.00,1.00
00907121,Uaymil,APFF,Península de Yucatán y Caribe Mexicano,0.00,0.00,1.00,0.00,0.00,1.00,1.00,1.00,1.00,1.00,0.00,1.00,1.00,1.00,1.00,1.00,0.00,0.00,1.00,0.00,0.00,0.00,0.00,0.00,0.00,0.00,0.00,0.00,1.00,1.00,1.00,1.00,1.00,1.00,1.00,1.00
00907151,Otoch Ma'ax Yetel Kooh,APFF,Península de Yucatán y Caribe Mexicano,0.00,0.00,0.00,0.00,0.00,1.00,1.00,1.00,1.00,0.00,0.00,1.00,1.00,0.00,0.00,1.00,0.00,0.00,1.00,0.00,0.00,0.00,1.00,0.00,0.00,1.00,0.00,0.00,1.00,0.00,0.00,0.00,1.00,0.00,0.00,1.00
00907160,Bala'an K'aax,APFF,Península de Yucatán y Caribe Mexicano,0.00,0.00,0.00,0.00,0.00,1.00,0.00,1.00,1.00,1.00,0.00,1.00,1.00,0.00,0.00,1.00,0.00,0.00,0.00,1.00,0.00,1.00,0.00,0.00,0.00,1.00,0.00,0.00,1.00,1.00,1.00,0.00,1.00,0.00,0.00,1.00
00907165,Manglares de Nichupté,APFF,Península de Yucatán y Caribe Mexicano,0.00,0.00,1.00,0.00,1.00,1.00,1.00,1.00,1.00,1.00,0.00,0.00,1.00,0.00,1.00,1.00,1.00,1.00,1.00,1.00,1.00,1.00,1.00,0.00,0.00,0.00,0.00,1.00,0.00,1.00,1.00,0.00,0.00,1.00,1.00,1.00
00907176,"La porción norte y la franja costera oriental, terrestres y marinas de la Isla de Cozumel",APFF,Península de Yucatán y Caribe Mexicano,0.00,0.00,0.00,0.00,0.00,1.00,1.00,1.00,1.00,0.00,0.00,0.00,1.00,1.00,1.00,1.00,1.00,0.00,1.00,1.00,0.00,0.00,0.00,0.00,0.00,0.00,0.00,0.00,0.00,0.00,1.00,1.00,0.00,1.00,1.00,1.00
00907186,Jaguar,APFF,Península de Yucatán y Caribe Mexicano,0.00,0.00,1.00,0.00,1.00,1.00,1.00,1.00,1.00,1.00,0.00,1.00,1.00,0.00,1.00,1.00,1.00,0.00,1.00,1.00,1.00,1.00,0.00,1.00,0.00,1.00,1.00,1.00,1.00,1.00,1.00,1.00,1.00,0.00,1.00,1.00
00907189,Jacinto Pat,APFF,Península de Yucatán y Caribe Mexicano,0.00,0.00,0.00,0.00,0.00,1.00,1.00,1.00,0.00,0.00,0.00,1.00,1.00,0.00,1.00,0.00,1.00,0.00,1.00,0.00,1.00,0.00,0.00,0.00,0.00,0.00,0.00,0.00,0.00,1.00,1.00,0.00,0.00,0.00,0.00,1.00
00907194,Cenote Aerolito,APFF,Península de Yucatán y Caribe Mexicano,0.00,0.00,0.00,0.00,0.00,1.00,1.00,0.00,1.00,0.00,0.00,0.00,1.00,0.00,1.00,0.00,1.00,1.00,1.00,1.00,0.00,0.00,0.00,0.00,0.00,0.00,0.00,0.00,0.00,0.00,0.00,0.00,0.00,0.00,1.00,0.00
00907195,Playa Delfines,APFF,Península de Yucatán y Caribe Mexicano,0.00,0.00,1.00,0.00,0.00,1.00,1.00,1.00,0.00,0.00,0.00,1.00,1.00,0.00,1.00,0.00,0.00,1.00,1.00,0.00,0.00,0.00,0.00,0.00,0.00,0.00,1.00,1.00,0.00,0.00,1.00,1.00,0.00,0.00,1.00,1.00
00907198,San Buenaventura,APFF,Península de Yucatán y Caribe Mexicano,0.00,0.00,0.00,0.00,0.00,1.00,0.00,1.00,0.00,1.00,0.00,0.00,1.00,0.00,1.00,0.00,0.00,1.00,1.00,1.00,1.00,0.00,1.00,0.00,0.00,0.00,0.00,0.00,0.00,0.00,1.00,0.00,0.00,0.00,0.00,0.00
00907202,Balam Kin,APFF,Península de Yucatán y Caribe Mexicano,0.00,0.00,0.00,0.00,1.00,1.00,1.00,1.00,1.00,1.00,0.00,1.00,1.00,0.00,1.00,1.00,1.00,0.00,0.00,1.00,1.00,1.00,0.00,0.00,0.00,1.00,0.00,1.00,1.00,0.00,1.00,1.00,1.00,0.00,0.00,1.00
00907222,Manglares de Puerto Morelos,APFF,Península de Yucatán y Caribe Mexicano,0.00,0.00,0.00,0.00,0.00,1.00,1.00,1.00,1.00,1.00,0.00,1.00,1.00,0.00,1.00,1.00,1.00,0.00,1.00,1.00,1.00,1.00,1.00,0.00,0.00,1.00,0.00,1.00,1.00,1.00,1.00,1.00,1.00,1.00,1.00,1.00
00907227,Felipe Carrillo Puerto,APFF,Península de Yucatán y Caribe Mexicano,0.00,0.00,0.00,0.00,0.00,1.00,0.00,1.00,1.00,0.00,0.00,0.00,1.00,0.00,0.00,0.00,1.00,0.00,0.00,1.00,0.00,0.00,0.00,0.00,0.00,1.00,1.00,0.00,1.00,0.00,1.00,1.00,1.00,0.00,0.00,0.00
00907229,Chunyaxché,APFF,Península de Yucatán y Caribe Mexicano,0.00,0.00,0.00,0.00,0.00,1.00,1.00,1.00,1.00,1.00,0.00,1.00,1.00,0.00,1.00,1.00,1.00,0.00,1.00,1.00,0.00,1.00,0.00,0.00,0.00,0.00,0.00,0.00,1.00,1.00,1.00,1.00,1.00,0.00,0.00,1.00
00908087,Playa Ría Lagartos,SANT,Península de Yucatán y Caribe Mexicano,0.00,0.00,0.00,0.00,0.00,1.00,1.00,1.00,0.00,0.00,0.00,1.00,1.00,0.00,0.00,0.00,0.00,0.00,1.00,0.00,0.00,0.00,0.00,0.00,0.00,0.00,0.00,0.00,0.00,0.00,0.00,0.00,0.00,0.00,1.00,0.00
00908211,Playa Chenkan,SANT,Península de Yucatán y Caribe Mexicano,0.00,0.00,1.00,0.00,0.00,1.00,1.00,1.00,0.00,0.00,0.00,1.00,1.00,0.00,1.00,0.00,0.00,0.00,1.00,0.00,0.00,0.00,0.00,0.00,0.00,0.00,0.00,1.00,0.00,1.00,0.00,0.00,0.00,1.00,1.00,0.00
02107057,Islas del Golfo de California,APFF,Península de Baja California y Pacífico Norte; Noroeste y Alto Golfo de California,1.00,0.00,1.00,0.00,0.00,1.00,1.00,1.00,0.00,1.00,0.00,1.00,1.00,0.00,1.00,0.00,1.00,0.00,1.00,0.00,0.00,0.00,0.00,1.00,0.00,1.00,0.00,0.00,0.00,1.00,1.00,1.00,1.00,1.00,1.00,1.00
05306049,C.A.D.N.R. 043 Estado de Nayarit,APRN,Norte y Sierra Madre Occidental; Occidente y Pacífico Centro,0.00,1.00,1.00,0.00,0.00,0.00,1.00,0.00,1.00,0.00,0.00,1.00,0.00,0.00,1.00,1.00,1.00,0.00,1.00,1.00,0.00,1.00,1.00,1.00,1.00,1.00,1.00,0.00,1.00,0.00,1.00,1.00,1.00,0.00,0.00,1.00
09703231,Arrecifes del Golfo de México-Sur,PN,Planicie Costera y Golfo de México; Península de Yucatán y Caribe Mexicano,0.00,0.00,0.00,0.00,0.00,1.00,1.00,1.00,0.00,0.00,0.00,0.00,1.00,1.00,1.00,0.00,0.00,1.00,0.00,0.00,0.00,0.00,0.00,0.00,0.00,0.00,0.00,0.00,0.00,0.00,0.00,0.00,0.00,1.00,1.00,0.00
10000000,,,,0.00,1.00,1.00,0.00,0.00,0.00,1.00,1.00,1.00,1.00,0.00,1.00,1.00,0.00,1.00,0.00,0.00,0.00,1.00,1.00,0.00,1.00,1.00,0.00,0.00,0.00,0.00,1.00,1.00,0.00,1.00,1.00,1.00,0.00,0.00,1.00
